source_id,institution_id,G,O,SD,SI,BC,OC,MD,SS,LU,SO,VL,FC,esm_inputs,protocol_deviations
GFDL-CM4,NOAA-GFDL,‚úďstd,‚úďstd,‚úďstd,‚úďstd,‚úďstd,‚úďstd,~,~,?,‚úďstd,?,n/a,,
GFDL-ESM4,NOAA-GFDL,‚úďstd,Ôľčexc,‚úďstd,‚úďstd,‚úďstd,‚úďstd,~,~,‚úďstd,‚úďstd,‚úďstd,n/a,O=Ôľčexc(ATMCHEM4.1) N-dep=n/a(LM4.1-no-land-N-cycle-Dunne2020-Sec2.3) CO2-mode=conc-driven(Fig33-Dunne2020) Fe-dep=interactive(dust/iron-AM4.1-ATMCHEM4.1-to-COBALT),O=Ôľčexc-interactive-chemistry; LU=‚úďstd(LUH2-v2.1h-inferred-CMIP6-compliance+LUMIP-Dunne2020-Sec3.1-medium-confidence); VL=‚úďstd(IACETH-SAGE3lambda-3-0-0-inferred-CMIP6-compliance-Dunne2020-Sec3.1-medium-confidence); N-dep=n/a(LM4.1-no-land-N-cycle)
GISS-E2-1-G,NASA-GISS,?,‚úódev,~,~,~,~,~,~,?,?,‚úďstd,n/a,,O=‚úódev(GISS-OMA-derived not CCMI);MD=~(OMA-module-Cakmur2006-6bin-NINT-ingests-offline-OMA-dust-center-specific-not-Kinne2013);SS=~(OMA-module-sea-salt-NINT-ingests-offline-OMA-fields-center-specific);VL=‚úďstd(Thomason2018-IACETH-stratospheric-AOD-Kelley2020-¬ß3.2)
GISS-E2-1-G-CC,NASA-GISS,?,‚úódev,~,~,~,~,?,?,?,?,?,n/a,CC=carbon-cycle N-dep=?,O=‚úódev(as E2-1-G) CC=carbon-cycle-not-chemistry
GISS-E2-1-H,NASA-GISS,?,‚úódev,~,~,~,~,?,?,?,?,?,n/a,,O=‚úódev(as E2-1-G identical atm)
GISS-E2-2-G,NASA-GISS,?,‚úódev,~,~,~,~,~,~,?,?,?,n/a,,O=‚úódev(NINT-mode-OMA-offline-not-CCMI-Rind2020-sec2.1-Orbe2020-Table1);SD/SI/BC/OC/MD/SS=~(NINT-prescribed-from-GISS-OMA-offline-fields-center-specific-Rind2020-Orbe2020)
GISS-E2-2-H,NASA-GISS,?,?,?,?,?,?,?,?,?,?,?,n/a,,O=?(as E2-2-G identical atm)
GISS-E3-G,NASA-GISS,?,?,?,?,?,?,?,?,?,?,?,n/a,,O=?(ModelE3-cubed-sphere unconfirmed)
CESM2,NCAR,~,‚úódev,‚úďstd,~,‚úďstd,‚úďstd,~,~,~,~,‚úódev,n/a,,O=‚úódev(WACCM6-derived not CCMI) VL=‚úódev(bundled O+VL file ozone_strataero_WACCM_L70)
CESM2-FV2,NCAR,~,‚úódev,‚úďstd,~,‚úďstd,‚úďstd,~,~,~,~,‚úódev,n/a,,O=‚úódev(as CESM2 identical forcing) VL=‚úódev(bundled O+VL file)
CESM2-WACCM,NCAR,~,Ôľčexc,‚úďstd,~,‚úďstd,‚úďstd,~,~,~,~,Ôľčexc,n/a,N-dep=? CO2-mode=?,O=Ôľčexc(WACCM6-TSMLT-228sp) VL=Ôľčexc(interactive-strat-aerosol-MAM4)
E3SM-1-0,E3SM-Project+LLNL+UCI+UCSB,‚úďstd,~,‚úďstd,~,‚úďstd,‚úďstd,~,~,?,?,?,n/a,,O=~(O3v1-hybrid:trop-CCMI+strat-Linozv2) VL=?(both-candidates-refuted)
E3SM-1-1,E3SM-Project+RUBISCO,‚úďstd,~,‚úďstd,~,‚úďstd,‚úďstd,~,~,?,?,?,n/a,,O=~(as E3SM-1-0 O3v1) forcing-identical-to-1-0
E3SM-1-1-ECA,E3SM-Project,‚úďstd,~,‚úďstd,~,‚úďstd,‚úďstd,~,~,?,?,?,n/a,N-dep=?,O=~(as E3SM-1-1) ECA=land-BGC-only-not-atm-chem
E3SM-2-0,E3SM-Project,‚úďstd,~,‚úďstd,~,‚úďstd,‚úďstd,~,~,?,?,?,n/a,N-dep=?,O=~(O3v2:trop-passive-tracer+strat-Linozv2) VL=?(both-candidates-refuted)
CanESM5,CCCma,?,‚úďstd,‚úďstd,‚úďstd,‚úďstd,‚úďstd,‚úďstd,‚úďstd,‚úďstd,?,‚úďstd,n/a,N-dep=? CO2-mode=conc,O=‚úďstd(CCMI-Checa-Garcia2018) SO=?(CanESM5.0-solar-unconfirmed-Cole2023-implies-Matthes2017-new-in-CanESM5-1)
CanESM5-1,CCCma,?,‚úďstd,‚úďstd,‚úďstd,‚úďstd,‚úďstd,‚úďstd,‚úďstd,‚úďstd,‚úďstd,‚úďstd,n/a,N-dep=? CO2-mode=conc,
CanESM5-CanOE,CCCma,?,‚úďstd,‚úďstd,‚úďstd,‚úďstd,‚úďstd,‚úďstd,‚úďstd,‚úďstd,?,‚úďstd,n/a,CanOE=ocean-BGC-only(CMOC-replaced) N-dep=? CO2-mode=conc,SO=?(as-CanESM5.0-shared-CanAM5.0.0-atm)
BCC-CSM2-MR,BCC,‚úďstd,‚úďstd,‚úďstd,‚úódev,‚úďstd,‚úďstd,‚úódev,‚úódev,‚úďstd,‚úďstd,‚úďstd,n/a,N-dep=? CO2-mode=conc,SI=‚úódev(CMIP5-Taylor2012-masses+Lamarque2012-nitrate) SD/BC/OC=‚úďstd(MACv2-SP-prescribed-path); MD=‚úódev(CMIP5-Taylor2012-masses;no-Kinne2013); SS=‚úódev(CMIP5-Taylor2012-masses;no-Kinne2013)
CAMS-CSM1-0,CAMS,‚úďstd,‚úďstd,‚úďstd,‚úďstd,‚úďstd,‚úďstd,?,?,‚úódev,‚úďstd,‚úďstd,n/a,,G=‚úďstd(Meinshausen2017) O=‚úďstd(Eyring2016-input4MIPs) SO=‚úďstd(Matthes2017-SOLARIS-HEPPA-Rong2021-¬ß2.2) VL=‚úďstd(IACETH-Thomason2018-r1i1p1f1+r2i1p1f1-Rong2021-¬ß2.2-CORRECTS-Rong2018-prototype-zero-aerosol); SD/SI/BC/OC=‚úďstd(MACv2-SP-Steven2016-Rong2021-¬ß2.2-simple-plumes-with-Twomey-indirect); LU=‚úódev(fixed-land-use-Rong2021-Table1-all-3-members-not-time-varying-LUH2); HIST-starts-1850(r1i1p1f1-Rong2021); r1i1p1f2=sensitivity-run-no-stratospheric-aerosol
CNRM-CM6-1,CNRM-CERFACS,‚úďstd,~,‚úódev,‚úódev,‚úódev,‚úódev,‚úódev,‚úódev,‚úódev,‚úďstd,‚úďstd,n/a,,O=~(linearized-strat+prescribed-CCMI-trop-Keeble2021) SD/BC/OC=‚úódev(TACTIC_v2-offline-AOD-from-CNRM-ESM2-1-Michou2020);G=‚úďstd(Meinshausen2017-option2-CO2/N2O/CH4/CFC12/CFC11eq-Voldoire2019-¬ß3.2);SO=‚úďstd(Matthes2017-yearly-global-TSI-Voldoire2019-¬ß3.2);VL=‚úďstd(Thomason2018-CMIP6-strat-AOD-550nm-Voldoire2019+Michou2020);MD=‚úódev(dust-AOD-in-TACTIC_v2-5-category-offline-monthly-bundle-not-Kinne2013);SS=‚úódev(sea-salt-AOD-in-TACTIC_v2-bundle-not-Kinne2013);LU=‚úódev(ECOCLIMAP-II-fixed-PD-land-cover-no-LUH2-explicit-deviation-Voldoire2019-¬ß3.2)
CNRM-CM6-1-HR,CNRM-CERFACS,‚úďstd,~,‚úódev,‚úódev,‚úódev,‚úódev,‚úódev,‚úódev,‚úódev,‚úďstd,‚úďstd,n/a,,O=~(as-CNRM-CM6-1-expected-resolution-only) SD/BC/OC=‚úódev(as-CNRM-CM6-1-expected);G=‚úďstd(Meinshausen2017-option2-CO2/N2O/CH4/CFC12/CFC11eq-Voldoire2019-¬ß3.2);SO=‚úďstd(Matthes2017-yearly-global-TSI-Voldoire2019-¬ß3.2);VL=‚úďstd(Thomason2018-CMIP6-strat-AOD-550nm-Voldoire2019);MD=‚úódev(dust-DD-in-TACTIC_v2-offline-5-species-bundle-not-Kinne2013);SS=‚úódev(sea-salt-SS-in-TACTIC_v2-bundle-not-Kinne2013);LU=‚úódev(ECOCLIMAP-II-time-invariant-PD-land-cover-explicit-rejection-of-LUH2-Voldoire2019)
CNRM-ESM2-1,CNRM-CERFACS,‚úďstd,Ôľčexc,‚úďstd,‚úďstd,‚úďstd,‚úďstd,Ôľčexc,Ôľčexc,‚úďstd,‚úďstd,‚úďstd,n/a,N-dep=? CO2-mode=? Fe=?;CO2-mode=concentration-driven(S√©f√©rian2019-confirmed);Fe-dep=~(TACTIC_v2-derived-dust-dep-climatology-1986-2005-PISCES-iron-source-S√©f√©rian2019-¬ß2.6),O=Ôľčexc(REPROBUS-C_v2-fully-interactive-168rxn-Michou2020-1of6-Keeble2021) SD/BC/OC=~(TACTIC_v2-interactive-emission-provenance-unconfirmed);G=‚úďstd(Meinshausen2017-yearly-global-mean-Voldoire2019-¬ß3.2+S√©f√©rian2019-¬ß2.2);SO=‚úďstd(Matthes2017-annual-global-mean-TSI-S√©f√©rian2019-¬ß2.2);VL=‚úďstd(Thomason2018-CMIP6-strat-AOD-REPROBUS-C_v2-S√©f√©rian2019-¬ß2.2);LU=‚úďstd(LUH2-v2.0h-Hurtt2006/2020-net-land-cover-change-yearly-S√©f√©rian2019-¬ß2.5);SD/SI/BC/OC=‚úďstd(CMIP6-standard-CEDS-Hoesly2018+BB4CMIP6-vanMarle2017-confirmed-S√©f√©rian2019-¬ß2.3);MD=Ôľčexc(TACTIC_v2-fully-interactive-online-dust-Marticorena+Bergametti1995+Kok2011-S√©f√©rian2019-¬ß2.3);SS=Ôľčexc(TACTIC_v2-fully-interactive-online-sea-salt-Grythe2014+Jaegl√©2011-S√©f√©rian2019-¬ß2.3)
IPSL-CM6A-LR,IPSL,‚úďstd,‚úďstd,~,~,~,~,~,~,‚úďstd,?,‚úďstd,n/a,N-dep=? CO2-mode=?; CO2-mode=concentration-driven(confirmed-Boucher2020-¬ß5.2),O=‚úďstd(CMIP5-‚úódev-CORRECTED-now-standard-CCMI-tropopause-stretched-Lurton2020) SD/BC/OC=?(Lurton2020-says-prescribed-but-dataset-unconfirmed);SD/BC/OC=~(LMDZORINCA-offline-climatology-CMIP6-emissions-driven-not-MACv2-SP);MD/SS=~(interactive-emissions-in-LMDZORINCA-then-prescribed-as-climatology-not-Kinne2013);SI=~(CDNC-from-prescribed-aerosol-climatologies-not-MACv2-SP-indirect);VL=‚úďstd(Thomason2018-IACETH-CMIP6-stratospheric-AOD-Hourdin2020-¬ß3.5);G=‚úďstd(Meinshausen2017-prescribed-CO2-mixing-ratio-Boucher2020-¬ß5.2);LU=‚úďstd(LUHv2-database-ORCHIDEE-PFT-maps-Boucher2020-¬ß2.4)
MPI-ESM-1-2-HAM,HAMMOZ-Consortium,?,‚úďstd,~,~,~,~,~,~,‚úďstd,?,?,n/a,N-dep=? CO2-mode=? Fe=?; N-dep=‚úďstd(NCAR-CCMI-2-0-v1.0-confirmed-Mauritsen2019-s5.2-shared-HAMOCC6+JSBACH3.2); LU=‚úďstd(LUH2v2h-confirmed-Mauritsen2019-s6.3-shared-JSBACH3.2),O=‚úďstd(CCMI-as-MPI-ESM1-2-LR-Keeble2021-HAM2-no-ozone-chem) SD/BC/OC/MD/SS=~(HAM2-interactive-aerosols-CEDS+BB4CMIP6-provenance-unconfirmed-for-CMIP6-historical); LU=‚úďstd(LUH2v2h-Mauritsen2019-s6.3-shared-JSBACH3.2)
MPI-ESM1-2-HR,MPI-M+DWD+DKRZ,?,‚úďstd,‚úďstd,‚úďstd,‚úďstd,‚úďstd,FXc,FXc,‚úďstd,?,?,n/a,N-dep=? CO2-mode=? Fe=?; N-dep=‚úďstd(NCAR-CCMI-2-0-inferred-shared-ECHAM6.3+HAMOCC6-identical-to-LR-Mauritsen2019-s5.2); Fe-dep=FXk(Mahowald2005-internal-dust-climatology-not-input4MIPs-inferred-shared-LR),O=‚úďstd(CCMI-prescribed-Keeble2021-verbatim) SD/BC/OC/SI=‚úďstd(MACv2-SP-prescribed-path-Mauritsen2019-CMIP5-MAC-v1-corrected) MD/SS=FXc(Kinne2013-natural-background) LU=‚úďstd(LUH2v2h-map-based)
MPI-ESM1-2-LR,MPI-M+AWI+DKRZ+DWD,?,‚úďstd,‚úďstd,‚úďstd,‚úďstd,‚úďstd,FXc,FXc,‚úďstd,?,?,n/a,N-dep=? CO2-mode=? Fe=?; N-dep=‚úďstd(NCAR-CCMI-2-0-v1.0-Mauritsen2019-s5.2-applied-HAMOCC6+JSBACH3.2); Fe-dep=FXk(Mahowald2005-internal-dust-climatology-not-input4MIPs),O=‚úďstd(CCMI-prescribed-Keeble2021-verbatim) SD/BC/OC/SI=‚úďstd(MACv2-SP-Stevens2017-Mauritsen2019-CMIP5-MAC-v1-corrected) MD/SS=FXc(Kinne2013-natural-background) LU=‚úďstd(LUH2v2h-dynamic-transitions)
EC-Earth3,EC-Earth-Consortium,‚úďstd,‚úďstd,‚úďstd,‚úďstd,‚úďstd,‚úďstd,FXc,FXc,‚úďstd,‚úďstd,~,n/a,,O=‚úďstd(CCMI-prescribed-inferred-from-AerChem-CCMI-nudge-target) SD/BC/OC/SI=‚úďstd(MACv2-SP-prescribed-TM5-PI-1850-clim+MACv2-SP-anthropogenic-Doscher2022-CMIP5-MACC-corrected) MD/SS=FXc(TM5-PI-1850-natural-bg) LU=‚úďstd(LUH2-Hurtt2020-indirect-via-EC-Earth3-Veg-precomputed-CMIP5-LU-exclusion-corrected) G=‚úďstd(Meinshausen2017-2020) SO=‚úďstd(Matthes2017) VL=~(CMIP6-strat-aerosol-prescribed-source-id-unconfirmed)
EC-Earth3-AerChem,EC-Earth-Consortium,‚úďstd,Ôľčexc,Ôľčexc,Ôľčexc,Ôľčexc,Ôľčexc,Ôľčexc,Ôľčexc,‚úďstd,‚úďstd,~,n/a,NOT-in-Keeble2021-6-model-list,O=Ôľčexc(TM5-MP-interactive-trop-ozone-methane+CCMI-strat-nudge-vanNoije2021-doi:10.5194/gmd-14-5637-2021-NOT-5079) SD/BC/OC/SI/MD/SS=Ôľčexc(TM5-MP-M7-interactive-CEDS-BB4CMIP6-confirmed) LU=‚úďstd(LUH2-indirect-as-EC-Earth3) G=‚úďstd SO=‚úďstd VL=~
EC-Earth3-CC,EC-Earth-Consortium,‚úďstd,‚úďstd,‚úďstd,‚úďstd,‚úďstd,‚úďstd,FXc,FXc,‚úďstd,‚úďstd,~,n/a,N-dep=? CO2-mode=?,All-atmospheric-forcing-INFERRED-identical-to-EC-Earth3(shared-IFS-no-CC-specific-primary-source); LPJG active-C N-dep/CO2-mode unconfirmed
EC-Earth3-ESM-1,EC-Earth-Consortium,?,?,?,?,?,?,?,?,?,?,?,n/a,ocean-BGC=PISCES-v2-confirmed; land-BGC=? N-dep=? Fe-dep=? CO2-mode=? LU-mech=?,All-atmospheric-forcing-INFERRED-as-EC-Earth3-base(shared-IFS-NOT-confirmed-ESM-1-absent-from-Doscher2022); PISCES-v2-ocean-BGC-confirmed-WDC-Climate
EC-Earth3-Veg,EC-Earth-Consortium,‚úďstd,‚úďstd,‚úďstd,‚úďstd,‚úďstd,‚úďstd,FXc,FXc,‚úďstd,‚úďstd,~,n/a,N-dep=? CO2-mode=?,LU=‚úďstd-DIRECT-LUH2-ingestion-via-LPJ-GUESS-v4(upstream-provider-for-EC-Earth3-CC-vegetation-fields); Doscher2022-verbatim-all-atm-forcing-identical-to-EC-Earth3-base; N-dep-source-id-unconfirmed
EC-Earth3-Veg-LR,EC-Earth-Consortium,‚úďstd,‚úďstd,‚úďstd,‚úďstd,‚úďstd,‚úďstd,FXc,FXc,‚úďstd,‚úďstd,~,n/a,N-dep=? CO2-mode=?,All-forcing-identical-to-EC-Earth3-Veg(TL159-L62-top-5hPa-lower-resolution-only); Doscher2022-verbatim: atmospheric-tuning-same-for-EC-Earth3-LR-and-EC-Earth3-Veg-LR
HadGEM3-GC31-LL,MOHC+NERC,‚úďstd,‚úďstd,‚úďstd,‚úďstd,‚úďstd,‚úďstd,?,‚úďstd,‚úďstd,‚úďstd,‚úďstd,n/a,,O=‚úďstd(CCMI-Hegglin2016=UReading-CCMI-1-0-expected+GC31-ozone-redistribution-scheme) SD/BC/OC/SI/SS=‚úďstd(GLOMAP-mode-CEDS+BB4CMIP6-NOT-MACv2-SP) BC/OC=BB4CMIP6-x2-Johnson2016 MD=?(GA7.1-dust-uncertain) LU=‚úďstd(LUH2v2.1h-via-JULES-medium-confidence) VL=‚úďstd(IACETH-SAGE3lambda-lineage-Thomason2018+Arfeuille2014-Sellar2019-verbatim) Sources:Roberts2019(gmd-12-4999-2019) Walters2019(gmd-12-1909-2019) Mulcahy2020(gmd-13-6383-2020)
HadGEM3-GC31-MM,MOHC,‚úďstd,‚úďstd,‚úďstd,‚úďstd,‚úďstd,‚úďstd,?,‚úďstd,‚úďstd,‚úďstd,‚úďstd,n/a,,All-forcing-identical-to-HadGEM3-GC31-LL(N216L85-ORCA025-higher-resolution-only-Roberts2019-doi:10.5194/gmd-12-4999-2019)
KACE-1-0-G,NIMS-KMA,‚úďstd,‚úďstd,‚úďstd,‚úďstd,‚úďstd,‚úďstd,?,‚úďstd,‚úďstd,‚úďstd,‚úďstd,n/a,,All-atmospheric-forcing-identical-to-HadGEM3-GC31-LL(NIMS-KMA-fork-shared-MOHC-UM-JULES-atmosphere-Lee2020-doi:10.1029/2019MS001895-paywalled-no-Korean-modifications-confirmed)
UKESM1-0-LL,MOHC+NERC+NIMS-KMA+NIWA,‚úďstd,Ôľčexc,‚úďstd,‚úďstd,‚úďstd,‚úďstd,?,‚úďstd,‚úďstd,‚úďstd,‚úďstd,n/a,N-dep=‚úďstd(NCAR-CCMI-2-0-Sellar2019-TableA5-verbatim) Fe-dep=? CO2-mode=?(conc-driven-assumed),O=Ôľčexc(UKCA-StratTrop-interactive-Archibald2020-doi:10.5194/gmd-13-1223-2020-Keeble2021-6-model-list) SD/BC/OC=‚úďstd(GLOMAP-mode-CEDS+BB4CMIP6-UKCA-coupled-oxidants) BC/OC=BB4CMIP6-x2-Johnson2016 VL=‚úďstd(IACETH-SAGE3lambda-Sellar2019-verbatim-Thomason2018+Arfeuille2014)
UKESM1-1-LL,MOHC+NERC+NIMS-KMA+NIWA,‚úďstd,Ôľčexc,‚úďstd,‚úďstd,‚úďstd,‚úďstd,?,‚úďstd,‚úďstd,‚úďstd,‚úďstd,n/a,N-dep=‚úďstd(NCAR-CCMI-2-0-as-UKESM1-0-LL) Fe-dep=? CO2-mode=?(conc-driven-assumed),All-forcing-identical-to-UKESM1-0-LL(bug-fix-variant-not-separately-listed-in-Keeble2021)
MIROC-ES2H,MIROC,‚úďstd,‚úďstd,‚úďstd,‚úďstd,‚úďstd,‚úďstd,‚úďstd,‚úďstd,‚úďstd,‚úďstd,‚úďstd,n/a,N-dep=‚úďstd(NCAR-CCMI-2-0-inferred-from-shared-VISIT-e) Fe-dep=~(SPRINTARS-pyrogenic-Ito2018+Ito2011-BC-ratio+lithogenic-3.5%Fe-content-inferred-from-shared-OECO2-SPRINTARS-components) CO2-mode=‚úďstd(conc-driven),All-forcing-inferred-from-MIROC-ES2L-shared-ESM-components(Watanabe2021-not-retrieved);Fe-dep=~(centre-specific-Ito2018/2011-emission-datasets-via-SPRINTARS-not-standard-CMIP6-Fe-dep-dataset-confirmed-2026-06-27)
MIROC-ES2L,MIROC,‚úďstd,‚úďstd,‚úďstd,‚úďstd,‚úďstd,‚úďstd,‚úďstd,‚úďstd,‚úďstd,‚úďstd,‚úďstd,n/a,N-dep=‚úďstd(NCAR-CCMI-2-0 doi:10.22033/ESGF/input4MIPs.1125) Fe-dep=~online(SPRINTARS-lithogenic-3.5%Fe+pyrogenic-from-BB4CMIP6-BC-Ito2018-Kawamiya2020) CO2-mode=‚úďstd(conc-driven),All-from-CMIP6-official-forcing-v6.2.1(Hajima2020-AppendixC-read-2026-06-27);Fe-dep=~online(centre-specific-SPRINTARS-internally-computed-pyrogenic+lithogenic-not-standard-CMIP6-Fe-dep-dataset)
MIROC6,MIROC,‚úďstd,‚úďstd,‚úďstd,‚úďstd,‚úďstd,‚úďstd,‚úďstd,‚úďstd,‚úďstd,‚úďstd,‚úďstd,n/a,,SPRINTARS-interactive-CEDS+BB4CMIP6-aerosols;VL=Thomason2019-SAD(deviation-claim-refuted-0-1;maps-to-CMIP6-SAD-standard);Verification-pass-2026-06-27:Tatebe2019-GMD-Sec2.4-read-in-full-all-verdicts-confirmed-verbatim:G=Meinshausen2017,O=Hegglin/CCMI,SD/SI/BC/OC/MD/SS=SPRINTARS+CEDS+BB4CMIP6,SO=Matthes2017,VL=Thomason2019-SADS-v2-prospectus(=CMIP6-SAD/IACETH-product);LU-paper-cites-Hurtt2011-in-text-but-prior-adversarial-verification-confirmed-LUH2-v2.1h-for-CMIP6-historical;no-corrections-to-any-verdict
MRI-ESM2-0,MRI,‚úďstd,Ôľčexc,‚úďstd,‚úďstd,‚úďstd,‚úďstd,Ôľčexc,Ôľčexc,‚úďstd,‚úďstd,~,n/a,N-dep=? Fe-dep=? CO2-mode=?,O=Ôľčexc(Keeble2021-verbatim-MRI-CCM2.1-interactive-trop+strat);all-other-forcings-unconfirmed-Yukimoto2019-not-retrieved;G=‚úďstd(Meinshausen2017-Yukimoto2019-Sec3.3);SO=‚úďstd(Matthes2017-incl-EPP-MASINGAR-mk-2r4c);VL=~(hybrid-Thomason2018-IACETH-major-eruptions+interactive-MASINGAR-mk-2r4c-sulfuric-acid-continuous-volcanic-SO2-Andres+Kasgnoc1998);LU=‚úďstd(LUH2-Lawrence2016);SD/SI/BC/OC=‚úďstd(CEDS-Hoesly2018+BB4CMIP6-vanMarle2017);MD=Ôľčexc+SS=Ôľčexc(MASINGAR-mk-2r4c-online-interactive-10bin-dust-2mode-sea-salt)
CMCC-CM2-SR5,CMCC,‚úďstd,‚úďstd,Ôľčexc,Ôľčexc,Ôľčexc,Ôľčexc,Ôľčexc,Ôľčexc,‚úďstd,‚úďstd,‚úďstd,n/a,,CMCC-not-covered-in-Stage13-Cherchi2019-not-retrieved;Second-pass-research-2026-06-27:PDFs-not-renderable-poppler-unavailable;forcing-confirmed-via-web-search-and-WDC-Climate/WCRP-metadata;CAM5.3+MAM3-interactive-aerosols-driven-by-CEDS+BB4CMIP6(Ôľčexc-all-aerosol-components);Ozone-prescribed-CCMI-Hegglin2016(‚úďstd);GHG-Meinshausen2017(‚úďstd);LUH2/Hurtt-via-CLM4.5(‚úďstd);Solar-Matthes2017-SOLARIS-HEPPA-v3.2(‚úďstd);Volcanic-Thomason2018-IACETH-SAGE(‚úďstd);Sources:Cherchi2019-JAMES-doi:10.1029/2019MS001892;Lovato2022-JAMES-doi:10.1029/2021MS002814
CMCC-ESM2,CMCC,‚úďstd,‚úďstd,Ôľčexc,Ôľčexc,Ôľčexc,Ôľčexc,Ôľčexc,Ôľčexc,‚úďstd,‚úďstd,‚úďstd,n/a,N-dep=‚úďstd(NCAR-CCMI-v2.0) Fe-dep=~(online-dust-dissolution+sedimentary-flux-no-standard-dataset) CO2-mode=conc,CMCC-not-covered-in-Stage13-Lovato2022-not-retrieved;All-11-forcing-components-verified-from-Lovato2022-Table1;Aerosols(SD/SI/BC/OC/MD/SS)-CAM5-MAM3-interactive-scheme-CEDS-2017-08-30-emissions;GHG=UoM-CMIP-v1.2-Meinshausen2017;Ozone=UReading-CCMI-v1.0-Hegglin2016;Solar=SOLARIS-HEPPA-v3.2-Matthes2017;Volcanic=IACETH-SAGE-v3-Thomason2018;LU=LUH2-UofMD-landState-high-v2.1hr-Hurtt2019-via-CLM4.5;N-dep=NCAR-CCMI-v2.0;Fe-dep=online-dust-dissolution+prescribed-sedimentary-flux(no-standard-CMIP6-Fe-dep-dataset);CO2=concentration-driven;PDF-unreadable-due-to-missing-poppler-utils-all-verdicts-retained-from-prior-verified-pass
NorESM2-LM,NCC,‚úďstd,‚úódev,‚úďstd,‚úďstd,‚úďstd,‚úďstd,‚úďstd,‚úďstd,‚úďstd,‚úďstd,‚úďstd,n/a,,O=‚úódev(Keeble2021+Seland2020-verbatim-WACCM6-derived-NOT-CCMI);VL=‚úďstd-SEPARATE-stream-NOT-bundled(unlike-CESM2)
NorESM2-MM,NCC,‚úďstd,‚úódev,‚úďstd,‚úďstd,‚úďstd,‚úďstd,‚úďstd,‚úďstd,‚úďstd,‚úďstd,‚úďstd,n/a,,All-forcing-identical-to-NorESM2-LM(Seland2020-verbatim)
ACCESS-CM2,CSIRO-ARCCSS,‚úďstd,‚úďstd,‚úďstd,‚úďstd,‚úďstd,‚úďstd,Ôľčexc,‚úďstd,‚úďstd,‚úďstd,‚úďstd,n/a,,G/O/LU/SO/VL=inferred-GA7.1-byte-identical;SD/SI/BC/OC/SS=confirmed-GLOMAP-mode;BC/OC=CEDS+BB4CMIP6-x2(Johnson2016);MD=Ôľčexc(Woodward2011-interactive-prognostic-dust-Bi2020-doi:10.1071/ES19040-separate-from-GLOMAP-mode);BC/OC=BB4CMIP6-x2(Johnson2016-published-calibration)
ACCESS-ESM1-5,CSIRO,‚úďstd,‚úďstd,~,~,~,~,~,~,‚úďstd,‚úódev,‚úódev,n/a,N-dep=? Fe-dep=? CO2-mode=?; N-dep: ‚úďstd (TV, CMIP6/Jones2016=NCAR CCMI-2-0) / Fe-dep: FXk (background iron parameter 0.6 ¬Ķmol Fe m‚ĀĽ¬≥, not external dataset) / CO2-mode: conc,aerosol=CLASSIC-v1.0(confirmed-NOT-GLOMAP-mode);atmos=HadGAM2-r1.1-N96L38-top39km;all-forcing-datasets-unconfirmed-requires-Ziehn2020; SO: +4.9 W m‚ĀĽ¬≤ constant offset on CMIP6 TSI (CMIP5-era piControl mismatch); TSI only (no spectral); VL: CMIP6 AOD collapsed to 4 lat-bands + uniform +0.00271 AOD offset from piControl mismatch; cannot use height/wavelength-resolved CMIP6 volcanic dataset; aerosols: CLASSIC v1.0 bulk scheme (not GLOMAP-mode) though same CEDS/BB4CMIP6 emission inventories
AWI-CM-1-1-LR,AWI,‚úďstd,‚úďstd,‚úďstd,‚úďstd,‚úďstd,‚úďstd,FXc,FXc,‚úďstd,‚úďstd,‚úďstd,n/a,,ALL-INFERRED-from-ECHAM6.3+JSBACH3.20=MPI-ESM1-2-LR;WDC-Climate-no-forcing-list;Semmler2020-not-extracted;O=CCMI(Keeble2021-via-MPI-ESM)
AWI-CM-1-1-MR,AWI,‚úďstd,‚úďstd,‚úďstd,‚úďstd,‚úďstd,‚úďstd,FXc,FXc,‚úďstd,‚úďstd,‚úďstd,n/a,,ALL-inferred-identical-to-AWI-CM-1-1-LR;higher-FESOM2-ocean-resolution-only
AWI-ESM-1-REcoM,AWI,‚úďstd,‚úďstd,‚úďstd,‚úďstd,‚úďstd,‚úďstd,FXc,FXc,‚úďstd,‚úďstd,‚úďstd,n/a,N-dep=? Fe-dep=? CO2-mode=?,Atm-forcing-inferred-from-ECHAM6.3-lineage;ESM-inputs-unconfirmed
INM-CM4-8,INM,?,?,?,?,?,?,?,?,?,?,?,n/a,,All-?-Volodin2018-not-extracted;low-model-top-L21-10hPa;aerosol-scheme-unconfirmed-do-NOT-assume-same-as-CM5-0
INM-CM5-0,INM,‚úďstd,‚úďstd,‚úódev,‚úódev,‚úódev,‚úódev,‚úódev,‚úódev,?,‚úďstd,‚úďstd,n/a,,G/O/SO/VL=‚úďstd(Volodin+Gritsun2018-verbatim);SD/BC/OC/SI=‚úódev(INM-AER1-interactive-10sp-not-MACv2SP);LU=?;MD/SS-interactive-in-AER1;MD=‚úódev(INM-AER1-coarse+fine-mineral-dust-online-not-Kinne2013);SS=‚úódev(INM-AER1-coarse+fine-sea-salt-online-not-Kinne2013)
CAS-ESM2-0,CAS,?,?,~,~,~,~,?,?,?,?,?,n/a,,aerosol=IAP-AACM-interactive-module(not-prescribed-CMIP6-product);G/O/SO/VL/LU=?;inputs-unconfirmed
FGOALS-f3-L,CAS,‚úďstd,‚úďstd,‚úďstd,‚úďstd,‚úďstd,‚úďstd,~,~,‚úódev,‚úďstd,?,n/a,,G/O/SO=‚úďstd(Adv-Atmos-Sci-verbatim);SD/BC/OC=summary-level-CMIP6-std-only;MD/SS/LU/VL=?;MD=~(CAM-Chem-offline-aerosol-climatology-Lamarque2012-five-species-not-Kinne2013-He2019-AAS-doi:10.1007/s00376-019-9027-8);SS=~(same-CAM-Chem-offline-climatology);LU=‚úódev(Hurtt2011-CMIP5-LUH-mean-climatological-values-not-LUH2-He2019-AMIP-confirmed);VL=?(not-named-in-any-paper-Guo2020-mentions-strat-aerosol-generically);LU=‚úódev(Hurtt2011-CMIP5-LUH-not-LUH2);MD/SS=~(CAM-Chem-offline-climatology-not-Kinne2013)
FGOALS-g3,CAS,‚úďstd,‚úďstd,‚úďstd,‚úďstd,‚úďstd,‚úďstd,‚úódev,‚úódev,‚úďstd,‚úďstd,‚úďstd,n/a,,O=‚úďstd(Keeble2021-verbatim-no-interactive-chem);all-other-forcings-?;G=‚úďstd(Meinshausen2017-Li2020-JAMES-doi:10.1029/2019MS002012);SD/SI=‚úďstd(MACv2-SP-Stevens2017-Li2020-JAMES+JGR-Table1);BC/OC=‚úďstd(subsumed-MACv2-SP-no-separate-CEDS/BB4CMIP6);MD=‚úódev(constant-background-AOD=0.14-Li2020-JGR-GAMIL3-doi:10.1029/2020JD032574-not-Kinne2013);SS=‚úódev(same-constant-natural-aerosol-background-not-separately-treated);LU=‚úďstd(Hurtt2017-LUH2);SO=‚úďstd(Matthes2017-monthly-mean-TSI);VL=‚úďstd(historical-stratospheric-aerosols-CMIP6-forcings);extra-forcing=anthropogenic-groundwater-exploitation-1965-2014-Zeng2017;MD=‚úódev(constant-AOD=0.14-not-Kinne2013);SS=‚úódev(constant-natural-aerosol-background-not-Kinne2013)
FIO-ESM-2-0,FIO-QLNM,‚úďstd,‚úďstd,‚úďstd,‚úďstd,‚úďstd,‚úďstd,‚úódev,‚úódev,?,‚úďstd,‚úďstd,n/a,N-dep=? Fe-dep=? CO2-mode=Ôľčexc,MD/SS=‚úódev(1850-annual-cycling-CMIP5-natural-aerosol-climatology-not-Kinne2013)
NESM3,NUIST,‚úďstd,‚úďstd,‚úďstd,‚úďstd,‚úďstd,‚úďstd,FXc,FXc,‚úďstd,‚úďstd,‚úďstd,n/a,,ALL-INFERRED-ECHAM6.3+JSBACH3.1=MPI-ESM1-2-LR;land=JSBACH-v3.1(NOT-CLM4.5);WDCC-no-forcing-list
CIESM,THU,?,?,?,?,?,?,?,?,?,?,?,n/a,,All-?-Lin2020-not-extracted;CAM5-lineage-suggests-CCMI-ozone-CEDS+BB4CMIP6
SAM0-UNICON,SNU,?,?,?,?,?,?,?,?,?,?,?,n/a,,All-?-Park2019-not-extracted;CESM1.3-CAM5-lineage
TaiESM1,AS-RCEC,?,?,~,~,~,~,~,~,?,?,?,n/a,,aerosol=SNAP(Chen2013-NOT-MAM3)(Lee2020-GMD-gmd-13-3887-2020);no-CMIP6-forcing-datasets-named;G/O/LU/SO/VL=?
KIOST-ESM,KIOST,?,?,‚úódev,‚úódev,‚úódev,‚úódev,?,?,?,?,?,n/a,N-dep=? Fe-dep=? CO2-mode=?,ARCH-CORRECTION:GFDL-AM2.0(C48-32L-top2hPa)+MOM5.0(NOT-HadGEM2-AO+NEMO3.6);aerosol-CV=none+simple-carbon-model(Pak2021-JAMES);SD/BC/OC/SI=‚úódev
IITM-ESM,CCCR-IITM,?,?,?,?,?,?,?,?,?,?,?,n/a,N-dep=? Fe-dep=? CO2-mode=?,ARCH-CORRECTION:IITM-GFSv1-T62L64-top0.2mb(NOT-SPEEDY-T30L18);aerosol=?-MACv2SP-refuted;all-forcing-unverified
MCM-UA-1-0,UA,?,?,?,?,?,?,?,?,?,?,?,n/a,,All-?-Stouffer2017-not-extracted;simple-T21L20-model-may-use-idealized-forcing
